title,description,link,date,category,author,image_url,related_articles,content_preview
"The Boss Baby 2: Family Business. Watch Now
The Boss Baby 2: Family Business","Tim discovers that his daughter, just like his brother, is a boss baby on a mission.",https://www.bbc.co.uk/iplayer/episode/m001txcs,2025-01-06 19:21:14,Technology,BBC News,,"[{""title"": ""News"", ""url"": ""https://www.bbc.co.uk/iplayer/categories/news/featured""}, {""title"": ""News"", ""url"": ""https://www.bbc.co.uk/iplayer/categories/news/featured""}]","Tim discovers that his daughter, just like his brother, is a boss baby on a mission."
"Business Today. Watch Now
Business Today",The latest business news from London and around the world.,https://www.bbc.co.uk/iplayer/episodes/m001z3z4,2025-01-06 19:21:15,Technology,BBC News,,"[{""title"": ""News"", ""url"": ""https://www.bbc.co.uk/iplayer/categories/news/featured""}, {""title"": ""News"", ""url"": ""https://www.bbc.co.uk/iplayer/categories/news/featured""}]",The latest business news from London and around the world.
"Talking Business. Watch Now
Talking Business",Examining the business stories and economic trends that are re-shaping our world.,https://www.bbc.co.uk/iplayer/episodes/n13xtn1s,2025-01-06 19:21:16,Technology,BBC News,,"[{""title"": ""News"", ""url"": ""https://www.bbc.co.uk/iplayer/categories/news/featured""}, {""title"": ""News"", ""url"": ""https://www.bbc.co.uk/iplayer/categories/news/featured""}]",Examining the business stories and economic trends that are re-shaping our world.
"Business Matters: Could blocked US steel deal strain global partnership. Listen Now
Business Matters: Could blocked US steel deal strain global partnership",How will blocked US Steel takeover impact the US-Japan relations?,https://www.bbc.co.uk/sounds/play/w172zbfy4581vgz,2025-01-06 19:21:17,Technology,BBC News,,[],How will blocked US Steel takeover impact the US-Japan relations?
'Warehouse business Huboo lost £200k of my stock',"James Symons claims Huboo, which was recently saved from administration, has only returned half his stock.",https://www.bbc.co.uk/news/articles/cvg7ym884vvo,2025-01-06 19:21:18,Technology,BBC News,,"[{""title"": ""Your account"", ""url"": ""https://account.bbc.com/account?lang=en-GB&ptrt=https://www.bbc.co.uk/news/articles/cvg7ym884vvo""}, {""title"": ""Israel-Gaza war"", ""url"": ""https://www.bbc.co.uk/news/topics/c2vdnvdg6xxt""}, {""title"": ""War in Ukraine"", ""url"": ""https://www.bbc.co.uk/news/world-60525350""}]","James Symons claims Huboo, which was recently saved from administration, has only returned half his stock."
"Business Today: 06/01/2025. Watch Now
Business Today: 06/01/2025",The latest business news from London and around the world.,https://www.bbc.co.uk/iplayer/episode/m0026t62,2025-01-06 19:21:18,Technology,BBC News,,"[{""title"": ""News"", ""url"": ""https://www.bbc.co.uk/iplayer/categories/news/featured""}, {""title"": ""News"", ""url"": ""https://www.bbc.co.uk/iplayer/categories/news/featured""}]",The latest business news from London and around the world.
"Business Daily: What’s next for the global economy in 2025? Listen Now
Business Daily: What’s next for the global economy in 2025?",We explore the trends and challenges that could define the year ahead,https://www.bbc.co.uk/sounds/play/w3ct5z7l,2025-01-06 19:21:19,Technology,BBC News,,[],We explore the trends and challenges that could define the year ahead
Van driven into business and set alight in arson attack,Police are investigating a reported arson attack using a white van in Belfast City Centre.,https://www.bbc.co.uk/news/articles/cwypdl0d7v0o,2025-01-06 19:21:20,Technology,BBC News,,"[{""title"": ""Your account"", ""url"": ""https://account.bbc.com/account?lang=en-GB&ptrt=https://www.bbc.co.uk/news/articles/cwypdl0d7v0o""}, {""title"": ""Israel-Gaza war"", ""url"": ""https://www.bbc.co.uk/news/topics/c2vdnvdg6xxt""}, {""title"": ""War in Ukraine"", ""url"": ""https://www.bbc.co.uk/news/world-60525350""}]",Police are investigating a reported arson attack using a white van in Belfast City Centre.
Businesses urged to sign up to new waste service,The Council of the Isles of Scilly says businesses must sign up by the end of January.,https://www.bbc.co.uk/news/articles/cpdn32deg9jo,2025-01-06 19:21:20,Technology,BBC News,,"[{""title"": ""Your account"", ""url"": ""https://account.bbc.com/account?lang=en-GB&ptrt=https://www.bbc.co.uk/news/articles/cpdn32deg9jo""}, {""title"": ""Israel-Gaza war"", ""url"": ""https://www.bbc.co.uk/news/topics/c2vdnvdg6xxt""}, {""title"": ""War in Ukraine"", ""url"": ""https://www.bbc.co.uk/news/world-60525350""}]",The Council of the Isles of Scilly says businesses must sign up by the end of January.
"World Business Report: Could blocked US steel deal strain global partnership. Listen Now
World Business Report: Could blocked US steel deal strain global partnership",How will blocked US Steel takeover impact the US-Japan relations?,https://www.bbc.co.uk/sounds/play/p0kgkk61,2025-01-06 19:21:20,Technology,BBC News,,[],How will blocked US Steel takeover impact the US-Japan relations?
